{
  "timestamp": "2025-12-17T23:38:40.278920",
  "configuration": {
    "road_network_km": 200.0,
    "planning_years": 10,
    "budget_usd": 10000000,
    "objectives": 6,
    "population_size": 2000,
    "generations": 100,
    "min_recall": 0.8,
    "max_latency": 200.0,
    "max_carbon": 200000,
    "min_mtbf": 1000
  },
  "results": {
    "nsga3": {
      "total_solutions": 23,
      "feasible_solutions": 23,
      "computation_time": 269.89889335632324,
      "objectives": {
        "cost": {
          "min": 191927.0517215862,
          "max": 4436287.77364355,
          "mean": 1445733.5245109345
        },
        "recall": {
          "min": 0.8222854662546099,
          "max": 0.96,
          "mean": 0.9219349223656408
        },
        "carbon": {
          "min": 100.0,
          "max": 2125.380031469058,
          "mean": 209.70874009700955
        },
        "latency": {
          "min": 7.0042194699006455,
          "max": 181.07943616478224,
          "mean": 59.83704693828031
        },
        "disruption": {
          "min": 0.18259065109903427,
          "max": 6.277449386293329,
          "mean": 1.1320404348440511
        }
      }
    },
    "baselines": {
      "random": {
        "total_solutions": 3000,
        "feasible_solutions": 798,
        "best_cost": 265272.2955502091,
        "best_recall": 0.96,
        "min_carbon": 100.0
      },
      "grid": {
        "total_solutions": 192,
        "feasible_solutions": 48,
        "best_cost": 3487965.9411735684,
        "best_recall": 0.9442756020713345,
        "min_carbon": 163.48317351875
      },
      "weighted": {
        "total_solutions": 100,
        "feasible_solutions": 100,
        "best_cost": 504710.827226231,
        "best_recall": 0.96,
        "min_carbon": 100.0
      },
      "expert": {
        "total_solutions": 25,
        "feasible_solutions": 1,
        "best_cost": 5213689.683500686,
        "best_recall": 0.9455569598577109,
        "min_carbon": 166.02678605759235
      }
    }
  },
  "summary": {
    "nsga_feasible": 23,
    "baseline_feasible": 947,
    "total_feasible": 970,
    "has_feasible_solutions": true
  }
}