{
  "n_evals": 200000,
  "exec_time": 269.56199049949646,
  "n_gen": 100,
  "convergence": {
    "generations": [
      0,
      1,
      2,
      3,
      4,
      5,
      6,
      7,
      8,
      9,
      10,
      11,
      12,
      13,
      14,
      15,
      16,
      17,
      18,
      19,
      20,
      21,
      22,
      23,
      24,
      25,
      26,
      27,
      28,
      29,
      30,
      31,
      32,
      33,
      34,
      35,
      36,
      37,
      38,
      39,
      40,
      41,
      42,
      43,
      44,
      45,
      46,
      47,
      48,
      49,
      50,
      51,
      52,
      53,
      54,
      55,
      56,
      57,
      58,
      59,
      60,
      61,
      62,
      63,
      64,
      65,
      66,
      67,
      68,
      69,
      70,
      71,
      72,
      73,
      74,
      75,
      76,
      77,
      78,
      79,
      80,
      81,
      82,
      83,
      84,
      85,
      86,
      87,
      88,
      89,
      90,
      91,
      92,
      93,
      94,
      95,
      96,
      97,
      98,
      99
    ],
    "best_cost": [
      160728.72940444606,
      161275.81279255866,
      256213.01247863474,
      233715.19824857608,
      210195.03842214652,
      192784.45983045324,
      192784.45983045324,
      185695.31846010886,
      185695.31846010886,
      185695.31846010886,
      185695.31846010886,
      185695.31846010886,
      179065.27304328792,
      179065.27304328792,
      179065.27304328792,
      179065.27304328792,
      178880.14623808573,
      178880.14623808573,
      178880.14623808573,
      178880.14623808573,
      178880.14623808573,
      178880.14623808573,
      178880.14623808573,
      172519.72426798297,
      164273.74747470272,
      164273.74747470272,
      172519.72426798297,
      172500.06977270183,
      172500.06977270183,
      172500.06977270183,
      172500.06977270183,
      164325.23091347222,
      164325.23091347222,
      164317.8305089602,
      164317.8305089602,
      164317.8305089602,
      172475.89018530154,
      172475.89018530154,
      164332.47569099575,
      164332.47569099575,
      164332.47569099575,
      164308.91850190068,
      164308.91850190068,
      168657.00479471107,
      168657.00479471107,
      168657.00479471107,
      168706.4191339837,
      168647.95305690647,
      168647.95305690647,
      168647.82011969425,
      168647.82011969425,
      164255.95468436307,
      164255.95468436307,
      164255.95468436307,
      164255.95468436307,
      164284.96936751387,
      164284.96500366263,
      164284.8593687538,
      164284.8593687538,
      164284.8593687538,
      164257.2431089585,
      164257.2431089585,
      164248.49121714436,
      164248.49121714436,
      164248.48581676182,
      164248.48581676182,
      164248.48581676182,
      164296.6737886758,
      164296.6737886758,
      164295.9434047169,
      164293.7516930135,
      164293.7516930135,
      164289.88520595437,
      164254.9137484302,
      164254.9137484302,
      164254.9137484302,
      164254.9137484302,
      164254.9116744702,
      164254.9116744702,
      164288.678484649,
      164288.678484649,
      164288.678484649,
      164288.678484649,
      164288.678484649,
      164288.678484649,
      164288.678484649,
      164288.678484649,
      164288.678484649,
      164288.678484649,
      164288.678484649,
      164288.678484649,
      164288.678484649,
      164288.678484649,
      176542.99140701827,
      168624.74384606024,
      168624.74384606024,
      168624.74384606024,
      168624.74384606024,
      168559.55034194788,
      168559.55034194788
    ],
    "best_recall": [
      0.96,
      0.96,
      0.96,
      0.96,
      0.96,
      0.96,
      0.96,
      0.96,
      0.96,
      0.96,
      0.96,
      0.96,
      0.96,
      0.96,
      0.96,
      0.96,
      0.96,
      0.96,
      0.96,
      0.96,
      0.96,
      0.96,
      0.96,
      0.96,
      0.96,
      0.96,
      0.96,
      0.96,
      0.96,
      0.96,
      0.96,
      0.96,
      0.96,
      0.96,
      0.96,
      0.96,
      0.96,
      0.96,
      0.96,
      0.96,
      0.96,
      0.96,
      0.96,
      0.96,
      0.96,
      0.96,
      0.96,
      0.96,
      0.96,
      0.96,
      0.96,
      0.96,
      0.96,
      0.96,
      0.96,
      0.96,
      0.96,
      0.96,
      0.96,
      0.96,
      0.96,
      0.96,
      0.96,
      0.96,
      0.96,
      0.96,
      0.96,
      0.96,
      0.96,
      0.96,
      0.96,
      0.96,
      0.96,
      0.96,
      0.96,
      0.96,
      0.96,
      0.96,
      0.96,
      0.96,
      0.96,
      0.96,
      0.96,
      0.96,
      0.96,
      0.96,
      0.96,
      0.96,
      0.96,
      0.96,
      0.96,
      0.96,
      0.96,
      0.96,
      0.96,
      0.96,
      0.96,
      0.96,
      0.96,
      0.96
    ],
    "best_carbon": [
      100.0,
      100.0,
      100.0,
      100.0,
      100.0,
      100.0,
      100.0,
      100.0,
      100.0,
      100.0,
      100.0,
      100.0,
      100.0,
      100.0,
      100.0,
      100.0,
      100.0,
      100.0,
      100.0,
      100.0,
      100.0,
      100.0,
      100.0,
      100.0,
      100.0,
      100.0,
      100.0,
      100.0,
      100.0,
      100.0,
      100.0,
      100.0,
      100.0,
      100.0,
      100.0,
      100.0,
      100.0,
      100.0,
      100.0,
      100.0,
      100.0,
      100.0,
      100.0,
      100.0,
      100.0,
      100.0,
      100.0,
      100.0,
      100.0,
      100.0,
      100.0,
      100.0,
      100.0,
      100.0,
      100.0,
      100.0,
      100.0,
      100.0,
      100.0,
      100.0,
      100.0,
      100.0,
      100.0,
      100.0,
      100.0,
      100.0,
      100.0,
      100.0,
      100.0,
      100.0,
      100.0,
      100.0,
      100.0,
      100.0,
      100.0,
      100.0,
      100.0,
      100.0,
      100.0,
      100.0,
      100.0,
      100.0,
      100.0,
      100.0,
      100.0,
      100.0,
      100.0,
      100.0,
      100.0,
      100.0,
      100.0,
      100.0,
      100.0,
      100.0,
      100.0,
      100.0,
      100.0,
      100.0,
      100.0,
      100.0
    ],
    "n_solutions": [
      2000,
      2000,
      2000,
      2000,
      2000,
      2000,
      2000,
      2000,
      2000,
      2000,
      2000,
      2000,
      2000,
      2000,
      2000,
      2000,
      2000,
      2000,
      2000,
      2000,
      2000,
      2000,
      2000,
      2000,
      2000,
      2000,
      2000,
      2000,
      2000,
      2000,
      2000,
      2000,
      2000,
      2000,
      2000,
      2000,
      2000,
      2000,
      2000,
      2000,
      2000,
      2000,
      2000,
      2000,
      2000,
      2000,
      2000,
      2000,
      2000,
      2000,
      2000,
      2000,
      2000,
      2000,
      2000,
      2000,
      2000,
      2000,
      2000,
      2000,
      2000,
      2000,
      2000,
      2000,
      2000,
      2000,
      2000,
      2000,
      2000,
      2000,
      2000,
      2000,
      2000,
      2000,
      2000,
      2000,
      2000,
      2000,
      2000,
      2000,
      2000,
      2000,
      2000,
      2000,
      2000,
      2000,
      2000,
      2000,
      2000,
      2000,
      2000,
      2000,
      2000,
      2000,
      2000,
      2000,
      2000,
      2000,
      2000,
      2000
    ],