mode,mode_name,short_name,validity_rate,validity_std,n_false_feasible,feasible_rate_true
full_ontology,Full Ontology,Full,1.0,0.0,0,0.13583333333333333
no_type_inference,No Type Inference,No Type,0.6311725750687942,0.012039218947027508,115,0.13583333333333333
no_compatibility,No Compatibility,No Compat,0.9927943148356225,0.0026544839651603314,2,0.13583333333333333
noise_30,Property ±30%,±30% Noise,0.9692464337452505,0.005131900089460051,2,0.13583333333333333
combined_degraded,Combined Degraded,Combined,0.7567251461988306,0.08285127835520391,4,0.13583333333333333
