{
  "run_dir": "results/runs/20251229_212338_seed42",
  "seed": 42,
  "pareto_solutions": 26,
  "baseline_feasible": 567,
  "validation_passed": true,
  "total_time_seconds": 314.3959410190582,
  "min_cost": 527563.0747889328,
  "max_cost": 7713583.850697952
}